keyword,location_name,state
plumbing receptionist,"Los Angeles,California,United States",California
plumbing dispatcher,"Los Angeles,California,United States",California
plumbing customer service representative,"Los Angeles,California,United States",California
plumbing office manager,"Los Angeles,California,United States",California
plumbing office assistant,"Los Angeles,California,United States",California
plumbing scheduler,"Los Angeles,California,United States",California
plumbing CSR,"Los Angeles,California,United States",California
plumbing receptionist,"San Francisco,California,United States",California
plumbing dispatcher,"San Francisco,California,United States",California
plumbing customer service representative,"San Francisco,California,United States",California
plumbing office manager,"San Francisco,California,United States",California
plumbing office assistant,"San Francisco,California,United States",California
plumbing scheduler,"San Francisco,California,United States",California
plumbing CSR,"San Francisco,California,United States",California
plumbing receptionist,"San Jose,California,United States",California
plumbing dispatcher,"San Jose,California,United States",California
plumbing customer service representative,"San Jose,California,United States",California
plumbing office manager,"San Jose,California,United States",California
plumbing office assistant,"San Jose,California,United States",California
plumbing scheduler,"San Jose,California,United States",California
plumbing CSR,"San Jose,California,United States",California
plumbing receptionist,"San Diego,California,United States",California
plumbing dispatcher,"San Diego,California,United States",California
plumbing customer service representative,"San Diego,California,United States",California
plumbing office manager,"San Diego,California,United States",California
plumbing office assistant,"San Diego,California,United States",California
plumbing scheduler,"San Diego,California,United States",California
plumbing CSR,"San Diego,California,United States",California
plumbing receptionist,"Sacramento,California,United States",California
plumbing dispatcher,"Sacramento,California,United States",California
plumbing customer service representative,"Sacramento,California,United States",California
plumbing office manager,"Sacramento,California,United States",California
plumbing office assistant,"Sacramento,California,United States",California
plumbing scheduler,"Sacramento,California,United States",California
plumbing CSR,"Sacramento,California,United States",California
plumbing receptionist,"Riverside,California,United States",California
plumbing dispatcher,"Riverside,California,United States",California
plumbing customer service representative,"Riverside,California,United States",California
plumbing office manager,"Riverside,California,United States",California
plumbing office assistant,"Riverside,California,United States",California
plumbing scheduler,"Riverside,California,United States",California
plumbing CSR,"Riverside,California,United States",California
plumbing receptionist,"San Bernardino,California,United States",California
plumbing dispatcher,"San Bernardino,California,United States",California
plumbing customer service representative,"San Bernardino,California,United States",California
plumbing office manager,"San Bernardino,California,United States",California
plumbing office assistant,"San Bernardino,California,United States",California
plumbing scheduler,"San Bernardino,California,United States",California
plumbing CSR,"San Bernardino,California,United States",California
plumbing receptionist,"Fresno,California,United States",California
plumbing dispatcher,"Fresno,California,United States",California
plumbing customer service representative,"Fresno,California,United States",California
plumbing office manager,"Fresno,California,United States",California
plumbing office assistant,"Fresno,California,United States",California
plumbing scheduler,"Fresno,California,United States",California
plumbing CSR,"Fresno,California,United States",California
plumbing receptionist,"Bakersfield,California,United States",California
plumbing dispatcher,"Bakersfield,California,United States",California
plumbing customer service representative,"Bakersfield,California,United States",California
plumbing office manager,"Bakersfield,California,United States",California
plumbing office assistant,"Bakersfield,California,United States",California
plumbing scheduler,"Bakersfield,California,United States",California
plumbing CSR,"Bakersfield,California,United States",California
plumbing receptionist,"Oxnard,California,United States",California
plumbing dispatcher,"Oxnard,California,United States",California
plumbing customer service representative,"Oxnard,California,United States",California
plumbing office manager,"Oxnard,California,United States",California
plumbing office assistant,"Oxnard,California,United States",California
plumbing scheduler,"Oxnard,California,United States",California
plumbing CSR,"Oxnard,California,United States",California
plumbing receptionist,"Stockton,California,United States",California
plumbing dispatcher,"Stockton,California,United States",California
plumbing customer service representative,"Stockton,California,United States",California
plumbing office manager,"Stockton,California,United States",California
plumbing office assistant,"Stockton,California,United States",California
plumbing scheduler,"Stockton,California,United States",California
plumbing CSR,"Stockton,California,United States",California
plumbing receptionist,"Modesto,California,United States",California
plumbing dispatcher,"Modesto,California,United States",California
plumbing customer service representative,"Modesto,California,United States",California
plumbing office manager,"Modesto,California,United States",California
plumbing office assistant,"Modesto,California,United States",California
plumbing scheduler,"Modesto,California,United States",California
plumbing CSR,"Modesto,California,United States",California
plumbing receptionist,"Santa Rosa,California,United States",California
plumbing dispatcher,"Santa Rosa,California,United States",California
plumbing customer service representative,"Santa Rosa,California,United States",California
plumbing office manager,"Santa Rosa,California,United States",California
plumbing office assistant,"Santa Rosa,California,United States",California
plumbing scheduler,"Santa Rosa,California,United States",California
plumbing CSR,"Santa Rosa,California,United States",California
plumbing receptionist,"Visalia,California,United States",California
plumbing dispatcher,"Visalia,California,United States",California
plumbing customer service representative,"Visalia,California,United States",California
plumbing office manager,"Visalia,California,United States",California
plumbing office assistant,"Visalia,California,United States",California
plumbing scheduler,"Visalia,California,United States",California
plumbing CSR,"Visalia,California,United States",California
plumbing receptionist,"Vallejo,California,United States",California
plumbing dispatcher,"Vallejo,California,United States",California
plumbing customer service representative,"Vallejo,California,United States",California
plumbing office manager,"Vallejo,California,United States",California
plumbing office assistant,"Vallejo,California,United States",California
plumbing scheduler,"Vallejo,California,United States",California
plumbing CSR,"Vallejo,California,United States",California
plumbing receptionist,"Santa Barbara,California,United States",California
plumbing dispatcher,"Santa Barbara,California,United States",California
plumbing customer service representative,"Santa Barbara,California,United States",California
plumbing office manager,"Santa Barbara,California,United States",California
plumbing office assistant,"Santa Barbara,California,United States",California
plumbing scheduler,"Santa Barbara,California,United States",California
plumbing CSR,"Santa Barbara,California,United States",California
plumbing receptionist,"Salinas,California,United States",California
plumbing dispatcher,"Salinas,California,United States",California
plumbing customer service representative,"Salinas,California,United States",California
plumbing office manager,"Salinas,California,United States",California
plumbing office assistant,"Salinas,California,United States",California
plumbing scheduler,"Salinas,California,United States",California
plumbing CSR,"Salinas,California,United States",California
plumbing receptionist,"San Luis Obispo,California,United States",California
plumbing dispatcher,"San Luis Obispo,California,United States",California
plumbing customer service representative,"San Luis Obispo,California,United States",California
plumbing office manager,"San Luis Obispo,California,United States",California
plumbing office assistant,"San Luis Obispo,California,United States",California
plumbing scheduler,"San Luis Obispo,California,United States",California
plumbing CSR,"San Luis Obispo,California,United States",California
plumbing receptionist,"Santa Cruz,California,United States",California
plumbing dispatcher,"Santa Cruz,California,United States",California
plumbing customer service representative,"Santa Cruz,California,United States",California
plumbing office manager,"Santa Cruz,California,United States",California
plumbing office assistant,"Santa Cruz,California,United States",California
plumbing scheduler,"Santa Cruz,California,United States",California
plumbing CSR,"Santa Cruz,California,United States",California
plumbing receptionist,"Merced,California,United States",California
plumbing dispatcher,"Merced,California,United States",California
plumbing customer service representative,"Merced,California,United States",California
plumbing office manager,"Merced,California,United States",California
plumbing office assistant,"Merced,California,United States",California
plumbing scheduler,"Merced,California,United States",California
plumbing CSR,"Merced,California,United States",California
plumbing receptionist,"Chico,California,United States",California
plumbing dispatcher,"Chico,California,United States",California
plumbing customer service representative,"Chico,California,United States",California
plumbing office manager,"Chico,California,United States",California
plumbing office assistant,"Chico,California,United States",California
plumbing scheduler,"Chico,California,United States",California
plumbing CSR,"Chico,California,United States",California
plumbing receptionist,"Redding,California,United States",California
plumbing dispatcher,"Redding,California,United States",California
plumbing customer service representative,"Redding,California,United States",California
plumbing office manager,"Redding,California,United States",California
plumbing office assistant,"Redding,California,United States",California
plumbing scheduler,"Redding,California,United States",California
plumbing CSR,"Redding,California,United States",California
plumbing receptionist,"El Centro,California,United States",California
plumbing dispatcher,"El Centro,California,United States",California
plumbing customer service representative,"El Centro,California,United States",California
plumbing office manager,"El Centro,California,United States",California
plumbing office assistant,"El Centro,California,United States",California
plumbing scheduler,"El Centro,California,United States",California
plumbing CSR,"El Centro,California,United States",California
plumbing receptionist,"Madera,California,United States",California
plumbing dispatcher,"Madera,California,United States",California
plumbing customer service representative,"Madera,California,United States",California
plumbing office manager,"Madera,California,United States",California
plumbing office assistant,"Madera,California,United States",California
plumbing scheduler,"Madera,California,United States",California
plumbing CSR,"Madera,California,United States",California
plumbing receptionist,"Hanford,California,United States",California
plumbing dispatcher,"Hanford,California,United States",California
plumbing customer service representative,"Hanford,California,United States",California
plumbing office manager,"Hanford,California,United States",California
plumbing office assistant,"Hanford,California,United States",California
plumbing scheduler,"Hanford,California,United States",California
plumbing CSR,"Hanford,California,United States",California
plumbing receptionist,"Napa,California,United States",California
plumbing dispatcher,"Napa,California,United States",California
plumbing customer service representative,"Napa,California,United States",California
plumbing office manager,"Napa,California,United States",California
plumbing office assistant,"Napa,California,United States",California
plumbing scheduler,"Napa,California,United States",California
plumbing CSR,"Napa,California,United States",California
plumbing receptionist,"Yuba City,California,United States",California
plumbing dispatcher,"Yuba City,California,United States",California
plumbing customer service representative,"Yuba City,California,United States",California
plumbing office manager,"Yuba City,California,United States",California
plumbing office assistant,"Yuba City,California,United States",California
plumbing scheduler,"Yuba City,California,United States",California
plumbing CSR,"Yuba City,California,United States",California
plumbing receptionist,"Irvine,California,United States",California
plumbing dispatcher,"Irvine,California,United States",California
plumbing customer service representative,"Irvine,California,United States",California
plumbing office manager,"Irvine,California,United States",California
plumbing office assistant,"Irvine,California,United States",California
plumbing scheduler,"Irvine,California,United States",California
plumbing CSR,"Irvine,California,United States",California
plumbing receptionist,"Long Beach,California,United States",California
plumbing dispatcher,"Long Beach,California,United States",California
plumbing customer service representative,"Long Beach,California,United States",California
plumbing office manager,"Long Beach,California,United States",California
plumbing office assistant,"Long Beach,California,United States",California
plumbing scheduler,"Long Beach,California,United States",California
plumbing CSR,"Long Beach,California,United States",California
plumbing receptionist,"Oakland,California,United States",California
plumbing dispatcher,"Oakland,California,United States",California
plumbing customer service representative,"Oakland,California,United States",California
plumbing office manager,"Oakland,California,United States",California
plumbing office assistant,"Oakland,California,United States",California
plumbing scheduler,"Oakland,California,United States",California
plumbing CSR,"Oakland,California,United States",California
plumbing receptionist,"Houston,Texas,United States",Texas
plumbing dispatcher,"Houston,Texas,United States",Texas
plumbing customer service representative,"Houston,Texas,United States",Texas
plumbing office manager,"Houston,Texas,United States",Texas
plumbing office assistant,"Houston,Texas,United States",Texas
plumbing scheduler,"Houston,Texas,United States",Texas
plumbing CSR,"Houston,Texas,United States",Texas
plumbing receptionist,"Dallas,Texas,United States",Texas
plumbing dispatcher,"Dallas,Texas,United States",Texas
plumbing customer service representative,"Dallas,Texas,United States",Texas
plumbing office manager,"Dallas,Texas,United States",Texas
plumbing office assistant,"Dallas,Texas,United States",Texas
plumbing scheduler,"Dallas,Texas,United States",Texas
plumbing CSR,"Dallas,Texas,United States",Texas
plumbing receptionist,"Fort Worth,Texas,United States",Texas
plumbing dispatcher,"Fort Worth,Texas,United States",Texas
plumbing customer service representative,"Fort Worth,Texas,United States",Texas
plumbing office manager,"Fort Worth,Texas,United States",Texas
plumbing office assistant,"Fort Worth,Texas,United States",Texas
plumbing scheduler,"Fort Worth,Texas,United States",Texas
plumbing CSR,"Fort Worth,Texas,United States",Texas
plumbing receptionist,"San Antonio,Texas,United States",Texas
plumbing dispatcher,"San Antonio,Texas,United States",Texas
plumbing customer service representative,"San Antonio,Texas,United States",Texas
plumbing office manager,"San Antonio,Texas,United States",Texas
plumbing office assistant,"San Antonio,Texas,United States",Texas
plumbing scheduler,"San Antonio,Texas,United States",Texas
plumbing CSR,"San Antonio,Texas,United States",Texas
plumbing receptionist,"Austin,Texas,United States",Texas
plumbing dispatcher,"Austin,Texas,United States",Texas
plumbing customer service representative,"Austin,Texas,United States",Texas
plumbing office manager,"Austin,Texas,United States",Texas
plumbing office assistant,"Austin,Texas,United States",Texas
plumbing scheduler,"Austin,Texas,United States",Texas
plumbing CSR,"Austin,Texas,United States",Texas
plumbing receptionist,"El Paso,Texas,United States",Texas
plumbing dispatcher,"El Paso,Texas,United States",Texas
plumbing customer service representative,"El Paso,Texas,United States",Texas
plumbing office manager,"El Paso,Texas,United States",Texas
plumbing office assistant,"El Paso,Texas,United States",Texas
plumbing scheduler,"El Paso,Texas,United States",Texas
plumbing CSR,"El Paso,Texas,United States",Texas
plumbing receptionist,"McAllen,Texas,United States",Texas
plumbing dispatcher,"McAllen,Texas,United States",Texas
plumbing customer service representative,"McAllen,Texas,United States",Texas
plumbing office manager,"McAllen,Texas,United States",Texas
plumbing office assistant,"McAllen,Texas,United States",Texas
plumbing scheduler,"McAllen,Texas,United States",Texas
plumbing CSR,"McAllen,Texas,United States",Texas
plumbing receptionist,"Corpus Christi,Texas,United States",Texas
plumbing dispatcher,"Corpus Christi,Texas,United States",Texas
plumbing customer service representative,"Corpus Christi,Texas,United States",Texas
plumbing office manager,"Corpus Christi,Texas,United States",Texas
plumbing office assistant,"Corpus Christi,Texas,United States",Texas
plumbing scheduler,"Corpus Christi,Texas,United States",Texas
plumbing CSR,"Corpus Christi,Texas,United States",Texas
plumbing receptionist,"Killeen,Texas,United States",Texas
plumbing dispatcher,"Killeen,Texas,United States",Texas
plumbing customer service representative,"Killeen,Texas,United States",Texas
plumbing office manager,"Killeen,Texas,United States",Texas
plumbing office assistant,"Killeen,Texas,United States",Texas
plumbing scheduler,"Killeen,Texas,United States",Texas
plumbing CSR,"Killeen,Texas,United States",Texas
plumbing receptionist,"Brownsville,Texas,United States",Texas
plumbing dispatcher,"Brownsville,Texas,United States",Texas
plumbing customer service representative,"Brownsville,Texas,United States",Texas
plumbing office manager,"Brownsville,Texas,United States",Texas
plumbing office assistant,"Brownsville,Texas,United States",Texas
plumbing scheduler,"Brownsville,Texas,United States",Texas
plumbing CSR,"Brownsville,Texas,United States",Texas
plumbing receptionist,"Lubbock,Texas,United States",Texas
plumbing dispatcher,"Lubbock,Texas,United States",Texas
plumbing customer service representative,"Lubbock,Texas,United States",Texas
plumbing office manager,"Lubbock,Texas,United States",Texas
plumbing office assistant,"Lubbock,Texas,United States",Texas
plumbing scheduler,"Lubbock,Texas,United States",Texas
plumbing CSR,"Lubbock,Texas,United States",Texas
plumbing receptionist,"Beaumont,Texas,United States",Texas
plumbing dispatcher,"Beaumont,Texas,United States",Texas
plumbing customer service representative,"Beaumont,Texas,United States",Texas
plumbing office manager,"Beaumont,Texas,United States",Texas
plumbing office assistant,"Beaumont,Texas,United States",Texas
plumbing scheduler,"Beaumont,Texas,United States",Texas
plumbing CSR,"Beaumont,Texas,United States",Texas
plumbing receptionist,"Amarillo,Texas,United States",Texas
plumbing dispatcher,"Amarillo,Texas,United States",Texas
plumbing customer service representative,"Amarillo,Texas,United States",Texas
plumbing office manager,"Amarillo,Texas,United States",Texas
plumbing office assistant,"Amarillo,Texas,United States",Texas
plumbing scheduler,"Amarillo,Texas,United States",Texas
plumbing CSR,"Amarillo,Texas,United States",Texas
plumbing receptionist,"Waco,Texas,United States",Texas
plumbing dispatcher,"Waco,Texas,United States",Texas
plumbing customer service representative,"Waco,Texas,United States",Texas
plumbing office manager,"Waco,Texas,United States",Texas
plumbing office assistant,"Waco,Texas,United States",Texas
plumbing scheduler,"Waco,Texas,United States",Texas
plumbing CSR,"Waco,Texas,United States",Texas
plumbing receptionist,"Laredo,Texas,United States",Texas
plumbing dispatcher,"Laredo,Texas,United States",Texas
plumbing customer service representative,"Laredo,Texas,United States",Texas
plumbing office manager,"Laredo,Texas,United States",Texas
plumbing office assistant,"Laredo,Texas,United States",Texas
plumbing scheduler,"Laredo,Texas,United States",Texas
plumbing CSR,"Laredo,Texas,United States",Texas
plumbing receptionist,"College Station,Texas,United States",Texas
plumbing dispatcher,"College Station,Texas,United States",Texas
plumbing customer service representative,"College Station,Texas,United States",Texas
plumbing office manager,"College Station,Texas,United States",Texas
plumbing office assistant,"College Station,Texas,United States",Texas
plumbing scheduler,"College Station,Texas,United States",Texas
plumbing CSR,"College Station,Texas,United States",Texas
plumbing receptionist,"Tyler,Texas,United States",Texas
plumbing dispatcher,"Tyler,Texas,United States",Texas
plumbing customer service representative,"Tyler,Texas,United States",Texas
plumbing office manager,"Tyler,Texas,United States",Texas
plumbing office assistant,"Tyler,Texas,United States",Texas
plumbing scheduler,"Tyler,Texas,United States",Texas
plumbing CSR,"Tyler,Texas,United States",Texas
plumbing receptionist,"Longview,Texas,United States",Texas
plumbing dispatcher,"Longview,Texas,United States",Texas
plumbing customer service representative,"Longview,Texas,United States",Texas
plumbing office manager,"Longview,Texas,United States",Texas
plumbing office assistant,"Longview,Texas,United States",Texas
plumbing scheduler,"Longview,Texas,United States",Texas
plumbing CSR,"Longview,Texas,United States",Texas
plumbing receptionist,"Abilene,Texas,United States",Texas
plumbing dispatcher,"Abilene,Texas,United States",Texas
plumbing customer service representative,"Abilene,Texas,United States",Texas
plumbing office manager,"Abilene,Texas,United States",Texas
plumbing office assistant,"Abilene,Texas,United States",Texas
plumbing scheduler,"Abilene,Texas,United States",Texas
plumbing CSR,"Abilene,Texas,United States",Texas
plumbing receptionist,"Midland,Texas,United States",Texas
plumbing dispatcher,"Midland,Texas,United States",Texas
plumbing customer service representative,"Midland,Texas,United States",Texas
plumbing office manager,"Midland,Texas,United States",Texas
plumbing office assistant,"Midland,Texas,United States",Texas
plumbing scheduler,"Midland,Texas,United States",Texas
plumbing CSR,"Midland,Texas,United States",Texas
plumbing receptionist,"Odessa,Texas,United States",Texas
plumbing dispatcher,"Odessa,Texas,United States",Texas
plumbing customer service representative,"Odessa,Texas,United States",Texas
plumbing office manager,"Odessa,Texas,United States",Texas
plumbing office assistant,"Odessa,Texas,United States",Texas
plumbing scheduler,"Odessa,Texas,United States",Texas
plumbing CSR,"Odessa,Texas,United States",Texas
plumbing receptionist,"Wichita Falls,Texas,United States",Texas
plumbing dispatcher,"Wichita Falls,Texas,United States",Texas
plumbing customer service representative,"Wichita Falls,Texas,United States",Texas
plumbing office manager,"Wichita Falls,Texas,United States",Texas
plumbing office assistant,"Wichita Falls,Texas,United States",Texas
plumbing scheduler,"Wichita Falls,Texas,United States",Texas
plumbing CSR,"Wichita Falls,Texas,United States",Texas
plumbing receptionist,"San Angelo,Texas,United States",Texas
plumbing dispatcher,"San Angelo,Texas,United States",Texas
plumbing customer service representative,"San Angelo,Texas,United States",Texas
plumbing office manager,"San Angelo,Texas,United States",Texas
plumbing office assistant,"San Angelo,Texas,United States",Texas
plumbing scheduler,"San Angelo,Texas,United States",Texas
plumbing CSR,"San Angelo,Texas,United States",Texas
plumbing receptionist,"Texarkana,Texas,United States",Texas
plumbing dispatcher,"Texarkana,Texas,United States",Texas
plumbing customer service representative,"Texarkana,Texas,United States",Texas
plumbing office manager,"Texarkana,Texas,United States",Texas
plumbing office assistant,"Texarkana,Texas,United States",Texas
plumbing scheduler,"Texarkana,Texas,United States",Texas
plumbing CSR,"Texarkana,Texas,United States",Texas
plumbing receptionist,"Sherman,Texas,United States",Texas
plumbing dispatcher,"Sherman,Texas,United States",Texas
plumbing customer service representative,"Sherman,Texas,United States",Texas
plumbing office manager,"Sherman,Texas,United States",Texas
plumbing office assistant,"Sherman,Texas,United States",Texas
plumbing scheduler,"Sherman,Texas,United States",Texas
plumbing CSR,"Sherman,Texas,United States",Texas
plumbing receptionist,"Victoria,Texas,United States",Texas
plumbing dispatcher,"Victoria,Texas,United States",Texas
plumbing customer service representative,"Victoria,Texas,United States",Texas
plumbing office manager,"Victoria,Texas,United States",Texas
plumbing office assistant,"Victoria,Texas,United States",Texas
plumbing scheduler,"Victoria,Texas,United States",Texas
plumbing CSR,"Victoria,Texas,United States",Texas
plumbing receptionist,"Plano,Texas,United States",Texas
plumbing dispatcher,"Plano,Texas,United States",Texas
plumbing customer service representative,"Plano,Texas,United States",Texas
plumbing office manager,"Plano,Texas,United States",Texas
plumbing office assistant,"Plano,Texas,United States",Texas
plumbing scheduler,"Plano,Texas,United States",Texas
plumbing CSR,"Plano,Texas,United States",Texas
plumbing receptionist,"Arlington,Texas,United States",Texas
plumbing dispatcher,"Arlington,Texas,United States",Texas
plumbing customer service representative,"Arlington,Texas,United States",Texas
plumbing office manager,"Arlington,Texas,United States",Texas
plumbing office assistant,"Arlington,Texas,United States",Texas
plumbing scheduler,"Arlington,Texas,United States",Texas
plumbing CSR,"Arlington,Texas,United States",Texas
plumbing receptionist,"Miami,Florida,United States",Florida
plumbing dispatcher,"Miami,Florida,United States",Florida
plumbing customer service representative,"Miami,Florida,United States",Florida
plumbing office manager,"Miami,Florida,United States",Florida
plumbing office assistant,"Miami,Florida,United States",Florida
plumbing scheduler,"Miami,Florida,United States",Florida
plumbing CSR,"Miami,Florida,United States",Florida
plumbing receptionist,"Fort Lauderdale,Florida,United States",Florida
plumbing dispatcher,"Fort Lauderdale,Florida,United States",Florida
plumbing customer service representative,"Fort Lauderdale,Florida,United States",Florida
plumbing office manager,"Fort Lauderdale,Florida,United States",Florida
plumbing office assistant,"Fort Lauderdale,Florida,United States",Florida
plumbing scheduler,"Fort Lauderdale,Florida,United States",Florida
plumbing CSR,"Fort Lauderdale,Florida,United States",Florida
plumbing receptionist,"West Palm Beach,Florida,United States",Florida
plumbing dispatcher,"West Palm Beach,Florida,United States",Florida
plumbing customer service representative,"West Palm Beach,Florida,United States",Florida
plumbing office manager,"West Palm Beach,Florida,United States",Florida
plumbing office assistant,"West Palm Beach,Florida,United States",Florida
plumbing scheduler,"West Palm Beach,Florida,United States",Florida
plumbing CSR,"West Palm Beach,Florida,United States",Florida
plumbing receptionist,"Tampa,Florida,United States",Florida
plumbing dispatcher,"Tampa,Florida,United States",Florida
plumbing customer service representative,"Tampa,Florida,United States",Florida
plumbing office manager,"Tampa,Florida,United States",Florida
plumbing office assistant,"Tampa,Florida,United States",Florida
plumbing scheduler,"Tampa,Florida,United States",Florida
plumbing CSR,"Tampa,Florida,United States",Florida
plumbing receptionist,"St. Petersburg,Florida,United States",Florida
plumbing dispatcher,"St. Petersburg,Florida,United States",Florida
plumbing customer service representative,"St. Petersburg,Florida,United States",Florida
plumbing office manager,"St. Petersburg,Florida,United States",Florida
plumbing office assistant,"St. Petersburg,Florida,United States",Florida
plumbing scheduler,"St. Petersburg,Florida,United States",Florida
plumbing CSR,"St. Petersburg,Florida,United States",Florida
plumbing receptionist,"Orlando,Florida,United States",Florida
plumbing dispatcher,"Orlando,Florida,United States",Florida
plumbing customer service representative,"Orlando,Florida,United States",Florida
plumbing office manager,"Orlando,Florida,United States",Florida
plumbing office assistant,"Orlando,Florida,United States",Florida
plumbing scheduler,"Orlando,Florida,United States",Florida
plumbing CSR,"Orlando,Florida,United States",Florida
plumbing receptionist,"Jacksonville,Florida,United States",Florida
plumbing dispatcher,"Jacksonville,Florida,United States",Florida
plumbing customer service representative,"Jacksonville,Florida,United States",Florida
plumbing office manager,"Jacksonville,Florida,United States",Florida
plumbing office assistant,"Jacksonville,Florida,United States",Florida
plumbing scheduler,"Jacksonville,Florida,United States",Florida
plumbing CSR,"Jacksonville,Florida,United States",Florida
plumbing receptionist,"Sarasota,Florida,United States",Florida
plumbing dispatcher,"Sarasota,Florida,United States",Florida
plumbing customer service representative,"Sarasota,Florida,United States",Florida
plumbing office manager,"Sarasota,Florida,United States",Florida
plumbing office assistant,"Sarasota,Florida,United States",Florida
plumbing scheduler,"Sarasota,Florida,United States",Florida
plumbing CSR,"Sarasota,Florida,United States",Florida
plumbing receptionist,"Cape Coral,Florida,United States",Florida
plumbing dispatcher,"Cape Coral,Florida,United States",Florida
plumbing customer service representative,"Cape Coral,Florida,United States",Florida
plumbing office manager,"Cape Coral,Florida,United States",Florida
plumbing office assistant,"Cape Coral,Florida,United States",Florida
plumbing scheduler,"Cape Coral,Florida,United States",Florida
plumbing CSR,"Cape Coral,Florida,United States",Florida
plumbing receptionist,"Fort Myers,Florida,United States",Florida
plumbing dispatcher,"Fort Myers,Florida,United States",Florida
plumbing customer service representative,"Fort Myers,Florida,United States",Florida
plumbing office manager,"Fort Myers,Florida,United States",Florida
plumbing office assistant,"Fort Myers,Florida,United States",Florida
plumbing scheduler,"Fort Myers,Florida,United States",Florida
plumbing CSR,"Fort Myers,Florida,United States",Florida
plumbing receptionist,"Lakeland,Florida,United States",Florida
plumbing dispatcher,"Lakeland,Florida,United States",Florida
plumbing customer service representative,"Lakeland,Florida,United States",Florida
plumbing office manager,"Lakeland,Florida,United States",Florida
plumbing office assistant,"Lakeland,Florida,United States",Florida
plumbing scheduler,"Lakeland,Florida,United States",Florida
plumbing CSR,"Lakeland,Florida,United States",Florida
plumbing receptionist,"Daytona Beach,Florida,United States",Florida
plumbing dispatcher,"Daytona Beach,Florida,United States",Florida
plumbing customer service representative,"Daytona Beach,Florida,United States",Florida
plumbing office manager,"Daytona Beach,Florida,United States",Florida
plumbing office assistant,"Daytona Beach,Florida,United States",Florida
plumbing scheduler,"Daytona Beach,Florida,United States",Florida
plumbing CSR,"Daytona Beach,Florida,United States",Florida
plumbing receptionist,"Melbourne,Florida,United States",Florida
plumbing dispatcher,"Melbourne,Florida,United States",Florida
plumbing customer service representative,"Melbourne,Florida,United States",Florida
plumbing office manager,"Melbourne,Florida,United States",Florida
plumbing office assistant,"Melbourne,Florida,United States",Florida
plumbing scheduler,"Melbourne,Florida,United States",Florida
plumbing CSR,"Melbourne,Florida,United States",Florida
plumbing receptionist,"Pensacola,Florida,United States",Florida
plumbing dispatcher,"Pensacola,Florida,United States",Florida
plumbing customer service representative,"Pensacola,Florida,United States",Florida
plumbing office manager,"Pensacola,Florida,United States",Florida
plumbing office assistant,"Pensacola,Florida,United States",Florida
plumbing scheduler,"Pensacola,Florida,United States",Florida
plumbing CSR,"Pensacola,Florida,United States",Florida
plumbing receptionist,"Port St. Lucie,Florida,United States",Florida
plumbing dispatcher,"Port St. Lucie,Florida,United States",Florida
plumbing customer service representative,"Port St. Lucie,Florida,United States",Florida
plumbing office manager,"Port St. Lucie,Florida,United States",Florida
plumbing office assistant,"Port St. Lucie,Florida,United States",Florida
plumbing scheduler,"Port St. Lucie,Florida,United States",Florida
plumbing CSR,"Port St. Lucie,Florida,United States",Florida
plumbing receptionist,"Tallahassee,Florida,United States",Florida
plumbing dispatcher,"Tallahassee,Florida,United States",Florida
plumbing customer service representative,"Tallahassee,Florida,United States",Florida
plumbing office manager,"Tallahassee,Florida,United States",Florida
plumbing office assistant,"Tallahassee,Florida,United States",Florida
plumbing scheduler,"Tallahassee,Florida,United States",Florida
plumbing CSR,"Tallahassee,Florida,United States",Florida
plumbing receptionist,"Naples,Florida,United States",Florida
plumbing dispatcher,"Naples,Florida,United States",Florida
plumbing customer service representative,"Naples,Florida,United States",Florida
plumbing office manager,"Naples,Florida,United States",Florida
plumbing office assistant,"Naples,Florida,United States",Florida
plumbing scheduler,"Naples,Florida,United States",Florida
plumbing CSR,"Naples,Florida,United States",Florida
plumbing receptionist,"Ocala,Florida,United States",Florida
plumbing dispatcher,"Ocala,Florida,United States",Florida
plumbing customer service representative,"Ocala,Florida,United States",Florida
plumbing office manager,"Ocala,Florida,United States",Florida
plumbing office assistant,"Ocala,Florida,United States",Florida
plumbing scheduler,"Ocala,Florida,United States",Florida
plumbing CSR,"Ocala,Florida,United States",Florida
plumbing receptionist,"Gainesville,Florida,United States",Florida
plumbing dispatcher,"Gainesville,Florida,United States",Florida
plumbing customer service representative,"Gainesville,Florida,United States",Florida
plumbing office manager,"Gainesville,Florida,United States",Florida
plumbing office assistant,"Gainesville,Florida,United States",Florida
plumbing scheduler,"Gainesville,Florida,United States",Florida
plumbing CSR,"Gainesville,Florida,United States",Florida
plumbing receptionist,"Fort Walton Beach,Florida,United States",Florida
plumbing dispatcher,"Fort Walton Beach,Florida,United States",Florida
plumbing customer service representative,"Fort Walton Beach,Florida,United States",Florida
plumbing office manager,"Fort Walton Beach,Florida,United States",Florida
plumbing office assistant,"Fort Walton Beach,Florida,United States",Florida
plumbing scheduler,"Fort Walton Beach,Florida,United States",Florida
plumbing CSR,"Fort Walton Beach,Florida,United States",Florida
plumbing receptionist,"Panama City,Florida,United States",Florida
plumbing dispatcher,"Panama City,Florida,United States",Florida
plumbing customer service representative,"Panama City,Florida,United States",Florida
plumbing office manager,"Panama City,Florida,United States",Florida
plumbing office assistant,"Panama City,Florida,United States",Florida
plumbing scheduler,"Panama City,Florida,United States",Florida
plumbing CSR,"Panama City,Florida,United States",Florida
plumbing receptionist,"Punta Gorda,Florida,United States",Florida
plumbing dispatcher,"Punta Gorda,Florida,United States",Florida
plumbing customer service representative,"Punta Gorda,Florida,United States",Florida
plumbing office manager,"Punta Gorda,Florida,United States",Florida
plumbing office assistant,"Punta Gorda,Florida,United States",Florida
plumbing scheduler,"Punta Gorda,Florida,United States",Florida
plumbing CSR,"Punta Gorda,Florida,United States",Florida
plumbing receptionist,"Vero Beach,Florida,United States",Florida
plumbing dispatcher,"Vero Beach,Florida,United States",Florida
plumbing customer service representative,"Vero Beach,Florida,United States",Florida
plumbing office manager,"Vero Beach,Florida,United States",Florida
plumbing office assistant,"Vero Beach,Florida,United States",Florida
plumbing scheduler,"Vero Beach,Florida,United States",Florida
plumbing CSR,"Vero Beach,Florida,United States",Florida
plumbing receptionist,"The Villages,Florida,United States",Florida
plumbing dispatcher,"The Villages,Florida,United States",Florida
plumbing customer service representative,"The Villages,Florida,United States",Florida
plumbing office manager,"The Villages,Florida,United States",Florida
plumbing office assistant,"The Villages,Florida,United States",Florida
plumbing scheduler,"The Villages,Florida,United States",Florida
plumbing CSR,"The Villages,Florida,United States",Florida
plumbing receptionist,"Sebring,Florida,United States",Florida
plumbing dispatcher,"Sebring,Florida,United States",Florida
plumbing customer service representative,"Sebring,Florida,United States",Florida
plumbing office manager,"Sebring,Florida,United States",Florida
plumbing office assistant,"Sebring,Florida,United States",Florida
plumbing scheduler,"Sebring,Florida,United States",Florida
plumbing CSR,"Sebring,Florida,United States",Florida
